Part,Part.PartNumber
Part,417
Part,785
Part,284
Part,503
Part,796
Part,992
Part,702
Part,569
Part,49
Part,14
Part,453
Part,307
Part,995
Part,458
Part,856
Part,680
Part,104
Part,516
Part,822
Part,174
Part,711
Part,746
Part,656
Part,265
Part,634
Part,430
Part,39
Part,856
Part,767
Part,522
Part,773
Part,619
Part,287
Part,501
Part,726
Part,511
Part,320
Part,476
Part,72
Part,731
Part,861
Part,232
Part,223
Part,933
Part,424
Part,618
Part,338
Part,205
Part,535
Part,676
Part,713
Part,427
Part,126
Part,40
Part,996
Part,974
Part,566
Part,907
Part,214
Part,996
Part,911
Part,115
Part,363
Part,960
Part,897
Part,172
Part,559
Part,763
Part,554
Part,527
Part,90
Part,890
Part,802
Part,93
Part,791
Part,209
Part,928
Part,303
Part,773
Part,105
Part,725
Part,886
Part,384
Part,383
Part,741
Part,179
Part,18
Part,974
Part,624
Part,64
Part,266
Part,701
Part,671
Part,721
Part,914
Part,548
Part,834
Part,394
Part,502
Part,80
Part,960
Part,25
Part,464
Part,831
Part,846
Part,25
Part,985
Part,458
Part,377
Part,659
Part,350
Part,938
Part,738
Part,428
Part,311
Part,742
Part,236
Part,631
Part,816
Part,973
Part,341
Part,266
Part,673
Part,614
Part,48
Part,450
Part,816
Part,258
Part,585
Part,154
Part,231
Part,681
Part,855
Part,775
Part,257
Part,469
Part,807
Part,418
Part,19
Part,259
Part,459
Part,906
Part,185
Part,778
Part,230
Part,556
Part,924
Part,459
Part,836
Part,618
Part,900
Part,702
Part,383
Part,250
Part,503
Part,637
Part,808
Part,97
Part,370
Part,988
Part,685
Part,663
Part,273
Part,16
Part,251
Part,964
Part,658
Part,171
Part,714
Part,543
Part,372
Part,941
Part,113
Part,853
Part,733
Part,470
Part,508
Part,170
Part,389
Part,544
Part,208
Part,98
Part,617
Part,884
Part,591
Part,210
Part,874
Part,129
Part,992
Part,170
Part,140
Part,753
Part,918
Part,467
Part,989
Part,979
Part,907
Part,276
Part,931
Part,618
Part,700
Part,801
Part,594
Part,493
Part,981
Part,173
Part,251
Part,629
Part,970
Part,136
Part,388
Part,721
Part,911
Part,766
Part,541
Part,234
Part,614
Part,217
Part,885
Part,680
Part,742
Part,84
Part,377
Part,81
Part,937
Part,155
Part,648
Part,401
Part,493
Part,1
Part,533
Part,399
Part,861
Part,951
Part,709
Part,331
Part,876
Part,289
Part,107
Part,452
Part,594
Part,888
Part,431
Part,660
Part,79
Part,275
Part,876
Part,978
Part,594
Part,400
Part,39
Part,925
Part,599
Part,60
Part,177
Part,708
Part,661
Part,294
Part,288
Part,793
Part,867
Part,482
Part,479
Part,769
Part,73
Part,617
Part,855
Part,605
Part,783
Part,91
Part,847
Part,672
Part,303
Part,967
Part,453
Part,884
Part,208
Part,949
Part,986
Part,249
Part,352
Part,818
Part,596
Part,56
Part,88
Part,569
Part,975
Part,638
Part,619
Part,462
Part,500
Part,205
Part,228
Part,508
Part,845
Part,683
Part,365
Part,197
Part,672
Part,841
Part,214
Part,847
Part,912
Part,24
Part,349
Part,257
Part,152
Part,447
Part,714
Part,287
Part,360
Part,334
Part,167
Part,554
Part,246
Part,295
Part,396
Part,24
Part,92
Part,220
Part,930
Part,414
Part,711
Part,117
Part,146
Part,548
Part,21
Part,820
Part,404
Part,139
Part,578
Part,204
Part,226
Part,663
Part,555
Part,992
Part,502
Part,49
Part,366
Part,677
Part,958
Part,350
Part,44
Part,694
Part,449
Part,39
Part,786
Part,140
Part,477
Part,815
Part,815
Part,521
Part,103
Part,828
Part,781
Part,464
Part,276
Part,646
Part,665
Part,955
Part,759
Part,934
Part,15
Part,193
Part,808
Part,347
Part,963
Part,810
Part,360
Part,638
Part,751
Part,812
Part,573
Part,85
Part,892
Part,220
Part,714
Part,80
Part,162
Part,214
Part,39
Part,265
Part,51
Part,285
Part,586
Part,142
Part,736
Part,507
Part,636
Part,797
Part,273
Part,567
Part,978
Part,334
Part,382
Part,68
Part,130
Part,250
Part,486
Part,813
Part,505
Part,61
Part,140
Part,435
Part,691
Part,852
Part,571
Part,408
Part,80
Part,109
Part,24
Part,402
Part,162
Part,285
Part,672
Part,552
Part,492
Part,3
Part,620
Part,391
Part,179
Part,159
Part,390
Part,355
Part,481
Part,210
Part,99
Part,41
Part,52
Part,12
Part,808
Part,810
Part,897
Part,663
Part,280
Part,57
Part,476
Part,208
Part,905
Part,296
Part,298
Part,119
Part,172
Part,622
Part,637
Part,342
Part,679
Part,111
Part,968
Part,104
Part,478
Part,658
Part,718
Part,136
Part,503
Part,899
Part,889
Part,498
Part,691
Part,341
Part,36
Part,549
Part,386
Part,437
Part,662
Part,848
Part,936
Part,358
Part,707
Part,535
Part,639
Part,798
Part,67
Part,137
Part,716
Part,313
Part,247
Part,371
Part,433
Part,677
Part,605
Part,267
Part,1
Part,930
Part,478
Part,565
Part,869
Part,372
Part,228
Part,794
Part,74
Part,833
Part,839
Part,916
Part,84
Part,451
Part,541
Part,468
Part,684
Part,18
Part,759
Part,499
Part,124
Part,426
Part,882
Part,68
Part,614
Part,509
Part,956
Part,308
Part,36
Part,480
Part,917
Part,32
Part,363
Part,441
Part,418
Part,279
Part,139
Part,944
Part,412
Part,920
Part,585
Part,526
Part,931
Part,346
Part,807
Part,626
Part,924
Part,628
Part,33
Part,908
Part,766
Part,336
Part,446
Part,191
Part,249
Part,264
Part,35
Part,791
Part,126
Part,957
Part,71
Part,768
Part,144
Part,36
Part,216
Part,730
Part,201
Part,581
Part,715
Part,598
Part,949
Part,189
Part,981
Part,524
Part,440
Part,847
Part,967
Part,999
Part,6
Part,604
Part,189
Part,626
Part,774
Part,159
Part,647
Part,168
Part,329
Part,747
Part,245
Part,495
Part,57
Part,841
Part,351
Part,517
Part,297
Part,343
Part,599
Part,360
Part,885
Part,9
Part,392
Part,93
Part,336
Part,321
Part,86
Part,469
Part,999
Part,796
Part,899
Part,250
Part,247
Part,696
Part,615
Part,300
Part,402
Part,501
Part,77
Part,271
Part,146
Part,170
Part,991
Part,782
Part,128
Part,161
Part,648
Part,123
Part,901
Part,134
Part,287
Part,513
Part,644
Part,999
Part,620
Part,541
Part,379
Part,488
Part,18
Part,208
Part,931
Part,338
Part,143
Part,19
Part,938
Part,626
Part,268
Part,418
Part,841
Part,820
Part,395
Part,723
Part,834
Part,162
Part,667
Part,84
Part,803
Part,804
Part,399
Part,172
Part,530
Part,596
Part,287
Part,852
Part,623
Part,17
Part,488
Part,758
Part,607
Part,53
Part,105
Part,683
Part,860
Part,244
Part,333
Part,197
Part,334
Part,954
Part,686
Part,464
Part,544
Part,139
Part,993
Part,677
Part,391
Part,357
Part,952
Part,831
Part,94
Part,600
Part,121
Part,183
Part,18
Part,686
Part,665
Part,823
Part,575
Part,68
Part,800
Part,692
Part,254
Part,819
Part,17
Part,815
Part,602
Part,186
Part,562
Part,93
Part,11
Part,948
Part,912
Part,328
Part,243
Part,280
Part,548
Part,897
Part,100
Part,504
Part,605
Part,889
Part,141
Part,378
Part,730
Part,899
Part,480
Part,375
Part,444
Part,47
Part,63
Part,828
Part,468
Part,607
Part,23
Part,383
Part,522
Part,433
Part,360
Part,372
Part,975
Part,428
Part,592
Part,258
Part,114
Part,431
Part,658
Part,560
Part,163
Part,16
Part,329
Part,315
Part,973
Part,333
Part,782
Part,18
Part,58
Part,533
Part,327
Part,563
Part,595
Part,913
Part,671
Part,937
Part,787
Part,975
Part,676
Part,401
Part,713
Part,757
Part,873
Part,47
Part,465
Part,440
Part,588
Part,859
Part,665
Part,133
Part,196
Part,907
Part,348
Part,162
Part,163
Part,170
Part,222
Part,804
Part,784
Part,742
Part,239
Part,338
Part,27
Part,437
Part,543
Part,582
Part,343
Part,560
Part,852
Part,636
Part,900
Part,17
Part,948
Part,597
Part,922
Part,682
Part,255
Part,35
Part,211
Part,686
Part,984
Part,78
Part,896
Part,13
Part,278
Part,876
Part,835
Part,630
Part,82
Part,851
Part,905
Part,281
Part,746
Part,215
Part,877
Part,845
Part,471
Part,757
Part,625
Part,924
Part,878
Part,912
Part,538
Part,871
Part,954
Part,712
Part,977
Part,762
Part,236
Part,527
Part,674
Part,811
Part,228
Part,5
Part,739
Part,483
Part,470
Part,707
Part,363
Part,525
Part,463
Part,537
Part,460
Part,947
Part,130
Part,757
Part,96
Part,529
Part,466
Part,65
Part,648
Part,968
Part,479
Part,630
Part,598
Part,952
Part,793
Part,514
Part,311
Part,124
Part,975
Part,399
Part,814
Part,663
Part,381
Part,284
Part,367
Part,198
Part,992
Part,716
Part,529
Part,96
Part,729
Part,329
Part,688
Part,322
Part,79
Part,335
Part,997
Part,488
Part,632
Part,387
Part,225
Part,491
Part,391
Part,861
Part,527
Part,778
Part,165
Part,187
Part,916
Part,873
Part,627
Part,736
Part,376
Part,845
Part,171
Part,292
Part,750
Part,407
Part,403
Part,342
Part,897
Part,400
Part,910
Part,350
Part,40
Part,66
Part,494
Part,255
Part,653
Part,866
Part,942
Part,52
Part,827
Part,296
Part,401
Part,892
Part,164
Part,485
Part,930
Part,944
Part,308
Part,763
Part,62
Part,113
Part,580
Part,50
Part,934
Part,705
Part,999
Part,541
Part,847
Part,950
Part,131
Part,209
Part,404
Part,276
Part,242
Part,723
Part,652
Part,313
Part,606
Part,550
Part,2
Part,899
Part,235
Part,112
Part,704
Part,337
Part,837
Part,83
Part,993
Part,416
Part,580
Part,535
Part,204
Part,93
Part,723
Part,168
Part,753
Part,593
Part,504
Part,488
Part,458
Part,872
Part,85
Part,911
Part,880
Part,315
Part,872
Part,494
Part,349
Part,466
Part,428
Part,40
Part,939
Part,648
Part,227
Part,924
Part,918
Part,902
Part,269
Part,834
Part,87
Part,826
Part,919
Part,118
Part,817
Part,109
Part,933
Part,643
Part,949
Part,883
Part,111
Part,710
Part,464
Part,943
Part,842
Part,305
Part,469
Part,289
Part,974
Part,407
Part,168
Part,647
Part,498
Part,848
Part,99
Part,176
Part,120
Part,469
Part,997
Part,274
Part,477
Part,417
Part,964
Part,291
Part,2
Part,29
Part,272
Part,465
Part,819
Part,718
Part,298
Part,747
Part,745
Part,460
Part,741
Part,762
Part,275
Part,491
Part,735
Part,34
Part,841
Part,593
Part,298
Part,225
Part,943
Part,23
Part,702
Part,601
Part,616
Part,889
Part,695
Part,750
Part,637
Part,780
Part,726
Part,233
Part,453
Part,828
Part,152
Part,790
Part,445
Part,681
Part,719
Part,964
Part,426
Part,456
